,lonbins,latbins,ubar,vbar,shape
0,-90.78823529411764,24.03125,0.012934733695524848,-0.11913800189843342,34.0
1,-90.5764705882353,24.03125,-0.04844753596424209,-0.053945303962031635,16.0
2,-90.36470588235294,24.03125,-0.06341819179024814,0.009081420938863003,0.0
3,-90.15294117647059,24.03125,-0.07978155300421712,-0.05278745773460072,0.0
4,-89.94117647058823,24.03125,-0.0376469964565709,-0.06764849427564656,0.0
5,-89.72941176470589,24.03125,-0.013759542662408114,-0.050209018264634656,0.0
6,-89.51764705882353,24.03125,-0.056024481856611394,-0.0742121902086902,0.0
7,-89.30588235294118,24.03125,-0.040638775203566624,-0.07613700958526,0.0
8,-89.09411764705882,24.03125,-0.05073363772968091,-0.015584664612082319,0.0
9,-88.88235294117646,24.03125,-0.02921287321019523,-0.0361834642595076,0.0
10,-88.67058823529412,24.03125,-0.037372362084951746,-0.15602925863158693,0.0
11,-88.45882352941176,24.03125,-0.014944160160061554,-0.0691996695766745,0.0
12,-88.24705882352941,24.03125,-0.06287132473432393,-0.012938228683759333,0.0
13,-88.03529411764706,24.03125,-0.1095518957419293,0.01895408113249933,0.0
14,-87.82352941176471,24.03125,-0.26934027619957485,-0.07461651511710811,0.0
15,-87.61176470588235,24.03125,-0.31361717529773003,0.11404031227958981,0.0
16,-87.4,24.03125,-0.4671624047697785,0.30111817816173947,0.0
17,-87.18823529411765,24.03125,-0.43809089310407673,0.2880979409224645,0.0
18,-86.97647058823529,24.03125,-0.295175024770847,0.39826286452573784,0.0
19,-86.76470588235294,24.03125,-0.07773377020115625,0.026426915687183174,0.0
20,-86.55294117647058,24.03125,-0.04990493501757589,-0.013369981116013903,0.0
21,-86.34117647058824,24.03125,-0.01005411693930306,-0.01544762693903379,0.0
22,-86.12941176470588,24.03125,-0.05993094708533841,0.06032261279627717,0.0
23,-85.91764705882353,24.03125,-0.07926765554434381,-0.027754037975687675,0.0
24,-85.70588235294117,24.03125,-0.001990859400401324,-0.03003910702280032,0.0
25,-85.49411764705883,24.03125,0.13994745076620982,-0.09731342694728456,0.0
26,-85.28235294117647,24.03125,0.20302777630653288,-0.034414591336384213,0.0
27,-85.07058823529411,24.03125,0.18490045022532142,-0.180825722666643,0.0
28,-84.85882352941177,24.03125,0.25942635720976176,-0.2551919136368836,0.0
29,-84.6470588235294,24.03125,0.4039897773045743,-0.3449697868727019,0.0
30,-84.43529411764706,24.03125,0.41888195197211275,-0.30639651866902995,0.0
31,-84.2235294117647,24.03125,0.40164004136487275,-0.27946874383391285,0.0
32,-84.01176470588236,24.03125,0.40542379118643923,-0.2817368080490767,0.0
33,-83.8,24.03125,0.3004360651596719,-0.25017157021418557,0.0
34,-90.78823529411764,24.2625,-0.0019703873611860265,-0.048574075969414224,0.0
35,-90.5764705882353,24.2625,-0.01241558666813216,-0.03693594263050513,0.0
36,-90.36470588235294,24.2625,0.003214216777218128,-0.05964019463852002,0.0
37,-90.15294117647059,24.2625,0.048173024901404106,-0.04037605350644635,0.0
38,-89.94117647058823,24.2625,0.021711527125971745,-0.0602535663253899,0.0
39,-89.72941176470589,24.2625,0.01401772387864767,-0.08797543513647166,0.0
40,-89.51764705882353,24.2625,0.11110301838966233,-0.09907244590794274,0.0
41,-89.30588235294118,24.2625,0.06334956111840774,-0.10544854952226373,0.0
42,-89.09411764705882,24.2625,0.080851702288181,-0.05360571707807448,0.0
43,-88.88235294117646,24.2625,0.17987771017491921,-0.1873157119268949,0.0
44,-88.67058823529412,24.2625,0.14856651360849502,-0.20242632131964486,0.0
45,-88.45882352941176,24.2625,0.07686327271663511,0.002348529749021812,0.0
46,-88.24705882352941,24.2625,0.03336164217099452,0.04302740418481453,0.0
47,-88.03529411764706,24.2625,-0.09403250140905371,0.09224447695267891,0.0
48,-87.82352941176471,24.2625,-0.35278804760218124,0.22283215795242842,0.0
49,-87.61176470588235,24.2625,-0.5275843871075001,0.31998348285633677,0.0
50,-87.4,24.2625,-0.3181516200469451,0.07553687135797627,0.0
51,-87.18823529411765,24.2625,-0.3789810378470868,0.08049022391377242,0.0
52,-86.97647058823529,24.2625,-0.23071175208992936,0.08131748239531204,0.0
53,-86.76470588235294,24.2625,-0.07335646165641413,-0.03801193715643007,0.0
54,-86.55294117647058,24.2625,-0.05585509309290983,-0.02834620299400575,0.0
55,-86.34117647058824,24.2625,-0.13545187968090192,0.0860925585555735,0.0
56,-86.12941176470588,24.2625,-0.04827594920803652,0.030366709935744193,0.0
57,-85.91764705882353,24.2625,-0.031056323934597892,0.0004447025072985512,0.0
58,-85.70588235294117,24.2625,-0.09787919340433424,-0.15157636035588776,0.0
59,-85.49411764705883,24.2625,-0.03247511173490435,-0.26524213270404917,0.0
60,-85.28235294117647,24.2625,0.08659197877585656,-0.13472117605401177,0.0
61,-85.07058823529411,24.2625,0.12921544880527752,-0.1518815382057741,0.0
62,-84.85882352941177,24.2625,0.21500884071805254,-0.27746856900125666,0.0
63,-84.6470588235294,24.2625,0.3466282868168547,-0.3928417352438329,0.0
64,-84.43529411764706,24.2625,0.261683327434741,-0.23458692122370303,0.0
65,-84.2235294117647,24.2625,0.2204482066813056,-0.2527289140294152,0.0
66,-84.01176470588236,24.2625,0.28901989249985827,-0.22393184704651367,0.0
67,-83.8,24.2625,0.22177113057044684,-0.20954700676543525,0.0
68,-90.78823529411764,24.493750000000002,-0.10740696156329188,-0.0492367462872052,0.0
69,-90.5764705882353,24.493750000000002,-0.0732946970989344,-0.08804187524795526,0.0
70,-90.36470588235294,24.493750000000002,-0.032563776836394415,-0.07657607504660137,0.0
71,-90.15294117647059,24.493750000000002,-0.029756773622435492,-0.10097024741663413,0.0
72,-89.94117647058823,24.493750000000002,0.008646840445147855,-0.07429675625728578,0.0
73,-89.72941176470589,24.493750000000002,0.05743430135870963,-0.1653961742885034,0.0
74,-89.51764705882353,24.493750000000002,0.08283909580931749,-0.1140001498354487,0.0
75,-89.30588235294118,24.493750000000002,0.28983627493888203,-0.2170251454742198,0.0
76,-89.09411764705882,24.493750000000002,0.36993266301179956,-0.20118457364352715,0.0
77,-88.88235294117646,24.493750000000002,0.33653325739166745,-0.1904655812571477,0.0
78,-88.67058823529412,24.493750000000002,0.1330768874973908,0.02350224498489799,0.0
79,-88.45882352941176,24.493750000000002,0.09206000504594905,0.053315308325768675,0.0
80,-88.24705882352941,24.493750000000002,0.03514946092189467,0.11664354145791822,0.0
81,-88.03529411764706,24.493750000000002,-0.04590141434947307,0.22512106575765192,0.0
82,-87.82352941176471,24.493750000000002,-0.2992344182889051,0.34903740522497234,0.0
83,-87.61176470588235,24.493750000000002,-0.4453579047762603,0.46488488854953625,0.0
84,-87.4,24.493750000000002,-0.2469413759011544,0.1308404732378543,0.0
85,-87.18823529411765,24.493750000000002,-0.3222516085121861,0.10887950151783753,0.0
86,-86.97647058823529,24.493750000000002,-0.22172951812365266,-0.1426417463721664,0.0
87,-86.76470588235294,24.493750000000002,-0.1808572652182669,-0.07373351495536504,0.0
88,-86.55294117647058,24.493750000000002,-0.2954783496909508,0.07738813137044984,0.0
89,-86.34117647058824,24.493750000000002,-0.2621706153296807,-0.03014990972161851,0.0
90,-86.12941176470588,24.493750000000002,-0.19571675276081474,0.016608454696129805,0.0
91,-85.91764705882353,24.493750000000002,-0.049866945037366266,-0.024089298080313522,0.0
92,-85.70588235294117,24.493750000000002,-0.018318565070602692,-0.16539501878302157,0.0
93,-85.49411764705883,24.493750000000002,0.015679874098759792,-0.19218191458590722,0.0
94,-85.28235294117647,24.493750000000002,-0.03550122985242524,-0.23650314349362622,0.0
95,-85.07058823529411,24.493750000000002,0.08039327197763493,-0.106866695760935,0.0
96,-84.85882352941177,24.493750000000002,0.06791280669090655,-0.28282863986253265,0.0
97,-84.6470588235294,24.493750000000002,0.1995182822486743,-0.40702500471508035,0.0
98,-84.43529411764706,24.493750000000002,0.19357014568122277,-0.1371948724903816,0.0
99,-84.2235294117647,24.493750000000002,0.15774954340026603,-0.18669575278880535,0.0
100,-84.01176470588236,24.493750000000002,0.1870179518431141,-0.2880340568559212,0.0
101,-83.8,24.493750000000002,0.18001023396579646,-0.14504826133727605,0.0
102,-90.78823529411764,24.725,-0.0019208425245413009,-0.05710095233626679,0.0
103,-90.5764705882353,24.725,-0.005202057981349943,-0.06261586767054729,0.0
104,-90.36470588235294,24.725,-0.018122687425683792,-0.1607035954270295,0.0
105,-90.15294117647059,24.725,0.02216860241405196,-0.1470954713573509,0.0
106,-89.94117647058823,24.725,0.09818624224194251,-0.20016860440793718,0.0
107,-89.72941176470589,24.725,0.11412718136451179,-0.2570083669455872,0.0
108,-89.51764705882353,24.725,0.2889655188927154,-0.24562693975683408,0.0
109,-89.30588235294118,24.725,0.3668712346371715,-0.310349972152781,0.0
110,-89.09411764705882,24.725,0.31696464832465876,-0.16755544178855197,0.0
111,-88.88235294117646,24.725,0.09393828595775226,0.09980903294965063,0.0
112,-88.67058823529412,24.725,0.03255801059959782,0.12458830078506576,0.0
113,-88.45882352941176,24.725,-0.04514437388107582,0.16440829308667268,0.0
114,-88.24705882352941,24.725,-0.10411964320816522,0.23864303906572398,0.0
115,-88.03529411764706,24.725,-0.1592326224311052,0.29705190049392155,0.0
116,-87.82352941176471,24.725,-0.4813207191384704,0.5911227390516296,0.0
117,-87.61176470588235,24.725,-0.21089921632092057,0.16417590659337283,0.0
118,-87.4,24.725,-0.2922552599044498,0.20084755793321685,0.0
119,-87.18823529411765,24.725,-0.2537263049552776,0.15946761109503588,0.0
120,-86.97647058823529,24.725,-0.23404957156733583,-0.06160969435070658,0.0
121,-86.76470588235294,24.725,-0.3554135041403507,-0.1321395495777345,0.0
122,-86.55294117647058,24.725,-0.32187465000201393,-0.09314652273929518,0.0
123,-86.34117647058824,24.725,-0.14410569502185253,-0.11769073258523984,0.0
124,-86.12941176470588,24.725,-0.01993459986292154,-0.06748611400697063,0.0
125,-85.91764705882353,24.725,-0.03787269088295843,-0.1871878841553492,0.0
126,-85.70588235294117,24.725,0.010437814395843265,-0.17594918043086843,0.0
127,-85.49411764705883,24.725,0.05257631928712315,-0.25247938769138506,0.0
128,-85.28235294117647,24.725,0.04224979123296372,-0.2839425080785266,0.0
129,-85.07058823529411,24.725,0.004013187625044746,-0.2891273884587197,0.0
130,-84.85882352941177,24.725,0.048345871205957174,-0.30946143253563607,0.0
131,-84.6470588235294,24.725,0.09744626765034135,-0.45549769666918566,0.0
132,-84.43529411764706,24.725,0.09124405822941203,-0.1646449175129608,0.0
133,-84.2235294117647,24.725,0.13795852535184994,-0.19429094727428498,0.0
134,-84.01176470588236,24.725,0.11270575012943508,-0.21457023550651755,0.0
135,-83.8,24.725,0.04446445017148617,-0.06517344190872186,0.0
136,-90.78823529411764,24.95625,-0.0686713153985501,-0.07096118879825868,0.0
137,-90.5764705882353,24.95625,-0.06277140366945964,-0.09315972189476124,0.0
138,-90.36470588235294,24.95625,-0.007674697019898234,-0.20349702254879562,0.0
139,-90.15294117647059,24.95625,0.027064600148389743,-0.12304340286031222,0.0
140,-89.94117647058823,24.95625,-0.0011258385875053674,-0.1594423348040878,0.0
141,-89.72941176470589,24.95625,0.15515233868908762,-0.29935102914678197,0.0
142,-89.51764705882353,24.95625,0.20747634001597234,-0.3384497022095819,0.0
143,-89.30588235294118,24.95625,0.12718922609347866,-0.20343609099995238,0.0
144,-89.09411764705882,24.95625,-0.0023047816597989933,0.009427786524448194,0.0
145,-88.88235294117646,24.95625,-0.021486956418290782,0.19798849590738316,0.0
146,-88.67058823529412,24.95625,-0.06573346472830326,0.2127406648334816,0.0
147,-88.45882352941176,24.95625,-0.11405770360461405,0.21722010960871332,0.0
148,-88.24705882352941,24.95625,-0.15570837787925024,0.26873779067773285,0.0
149,-88.03529411764706,24.95625,-0.08080770414001275,0.23192787726153472,0.0
150,-87.82352941176471,24.95625,-0.147157953516009,0.29193800425748273,0.0
151,-87.61176470588235,24.95625,-0.21222131857405452,0.2228020731501331,0.0
152,-87.4,24.95625,-0.22755098304451293,0.28622578395271625,0.0
153,-87.18823529411765,24.95625,-0.2837244675130143,0.18167598806171797,0.0
154,-86.97647058823529,24.95625,-0.11027112571194277,-0.07857133849661768,0.0
155,-86.76470588235294,24.95625,-0.18221911886812098,-0.21302695695018617,0.0
156,-86.55294117647058,24.95625,-0.1917500546234305,-0.23004207419840203,0.0
157,-86.34117647058824,24.95625,-0.21463129013489182,-0.17688313753239246,0.0
158,-86.12941176470588,24.95625,-0.10757102050006284,-0.1564249299747411,0.0
159,-85.91764705882353,24.95625,0.012545381082648485,-0.2167888145346536,0.0
160,-85.70588235294117,24.95625,0.08174941697923184,-0.2781836670102516,0.0
161,-85.49411764705883,24.95625,0.028316619256983883,-0.2899409918138133,0.0
162,-85.28235294117647,24.95625,0.05315509596030607,-0.29031387886392906,0.0
163,-85.07058823529411,24.95625,-0.006158110559891989,-0.23231775256662301,0.0
164,-84.85882352941177,24.95625,0.030940432107278523,-0.3672385323053011,0.0
165,-84.6470588235294,24.95625,-0.015491592600700214,-0.2956855346727398,0.0
166,-84.43529411764706,24.95625,0.011379354362180207,-0.23857576739870934,0.0
167,-84.2235294117647,24.95625,0.0553879646424779,-0.2742557340205036,0.0
168,-84.01176470588236,24.95625,0.052145150078813034,-0.11785995112357601,0.0
169,-83.8,24.95625,-0.008057900096260439,-0.011900092378859382,0.0
170,-90.78823529411764,25.1875,-0.12432470969728195,-0.11773168450211709,0.0
171,-90.5764705882353,25.1875,-0.17459148355918191,-0.13197220587671024,0.0
172,-90.36470588235294,25.1875,-0.14456286179577346,-0.31266235867956815,0.0
173,-90.15294117647059,25.1875,-0.0719693152677814,-0.20695735741872717,0.0
174,-89.94117647058823,25.1875,-0.07366556921054797,-0.18671377275169995,0.0
175,-89.72941176470589,25.1875,-0.1311471507563828,-0.4481727929588303,0.0
176,-89.51764705882353,25.1875,0.01862037662129336,-0.33164479300489913,0.0
177,-89.30588235294118,25.1875,0.009998903120234319,-0.11911215163860449,0.0
178,-89.09411764705882,25.1875,-0.07307447622585532,0.054603657721178575,0.0
179,-88.88235294117646,25.1875,-0.10546437386640185,0.1571140534388132,0.0
180,-88.67058823529412,25.1875,-0.08034109561685894,0.285757798546574,0.0
181,-88.45882352941176,25.1875,-0.08298655329356985,0.306411887977576,0.0
182,-88.24705882352941,25.1875,-0.10406830299836449,0.27547696120953147,0.0
183,-88.03529411764706,25.1875,-0.05227764348958421,0.18060656483282003,0.0
184,-87.82352941176471,25.1875,-0.10249612667537845,0.26564983689018185,0.0
185,-87.61176470588235,25.1875,-0.11444590395155539,0.40712267530551943,0.0
186,-87.4,25.1875,-0.11131398322977623,0.26450646201989014,0.0
187,-87.18823529411765,25.1875,-0.05183302954719596,0.08068729769567601,0.0
188,-86.97647058823529,25.1875,-0.03970943674512058,-0.12322165349845136,0.0
189,-86.76470588235294,25.1875,-0.03145560724589858,-0.11703411786221841,0.0
190,-86.55294117647058,25.1875,-0.07216447471766789,-0.06158307281497379,0.0
191,-86.34117647058824,25.1875,-0.13410937158310102,-0.18598708394980148,0.0
192,-86.12941176470588,25.1875,-0.14473412611824513,-0.261783823976978,0.0
193,-85.91764705882353,25.1875,-0.03530262565503707,-0.2973574505372274,0.0
194,-85.70588235294117,25.1875,0.08260913088808627,-0.32054562781918156,0.0
195,-85.49411764705883,25.1875,0.030830690321780832,-0.21214947519618885,0.0
196,-85.28235294117647,25.1875,0.000866021534848327,-0.2522722923373597,0.0
197,-85.07058823529411,25.1875,0.07153709201685184,-0.3443324238561097,0.0
198,-84.85882352941177,25.1875,0.03155944038424153,-0.39997740427997697,0.0
199,-84.6470588235294,25.1875,0.08220279018771931,-0.3681499061698683,0.0
200,-84.43529411764706,25.1875,-0.0328507628809608,-0.23676564447129758,0.0
201,-84.2235294117647,25.1875,-0.048986643912690704,-0.2570772604435745,0.0
202,-84.01176470588236,25.1875,-0.05958852080166594,-0.09006044215192513,0.0
203,-83.8,25.1875,-0.057199879253879926,-0.0494512633757655,0.0
204,-90.78823529411764,25.41875,-0.1323583617619284,-0.08728927518855224,0.0
205,-90.5764705882353,25.41875,-0.2020815215508623,-0.12563299065790537,0.0
206,-90.36470588235294,25.41875,-0.2169055832054791,-0.2121455583650622,0.0
207,-90.15294117647059,25.41875,-0.1658468714952223,-0.23281671063522474,0.0
208,-89.94117647058823,25.41875,-0.13637610775647466,-0.2564745794596062,0.0
209,-89.72941176470589,25.41875,-0.14300676390329395,-0.47125877752631984,0.0
210,-89.51764705882353,25.41875,-0.11610457678271754,-0.4467660603119579,0.0
211,-89.30588235294118,25.41875,-0.05307555974855062,-0.06577288713868389,0.0
212,-89.09411764705882,25.41875,-0.06366913875476603,0.12402721686024759,0.0
213,-88.88235294117646,25.41875,-0.10032670278726315,0.18623061806038863,0.0
214,-88.67058823529412,25.41875,-0.0862774367321794,0.2724448308880572,0.0
215,-88.45882352941176,25.41875,0.006588611991560831,0.24874257051925763,0.0
216,-88.24705882352941,25.41875,0.03674592464890729,0.2628060393115656,0.0
217,-88.03529411764706,25.41875,-0.00024031163248032535,0.2094252697242248,0.0
218,-87.82352941176471,25.41875,0.10871568892513069,0.21172829469497526,0.0
219,-87.61176470588235,25.41875,0.040306394797155615,0.34673041802498683,0.0
220,-87.4,25.41875,0.0219072247239095,0.373667955591419,0.0
221,-87.18823529411765,25.41875,0.0961291141356858,-0.012310808395580136,0.0
222,-86.97647058823529,25.41875,0.05859547235739299,-0.08341285590104848,0.0
223,-86.76470588235294,25.41875,0.1474051975606226,-0.08740408251195725,0.0
224,-86.55294117647058,25.41875,0.12492119551077312,-0.11400882924133025,0.0
225,-86.34117647058824,25.41875,0.06996721098068975,-0.1625828090758606,0.0
226,-86.12941176470588,25.41875,0.2053853430167471,-0.2584672117744858,0.0
227,-85.91764705882353,25.41875,0.03366212080345037,-0.2790815689025907,0.0
228,-85.70588235294117,25.41875,-0.09872615558785879,-0.3508829187861795,0.0
229,-85.49411764705883,25.41875,0.01839788193074459,-0.2778283861697472,0.0
230,-85.28235294117647,25.41875,0.07713245837714833,-0.3355380085063653,0.0
231,-85.07058823529411,25.41875,0.04616265692281326,-0.46784592618098986,0.0
232,-84.85882352941177,25.41875,0.017603575268401273,-0.38394128065240224,0.0
233,-84.6470588235294,25.41875,-0.0393462575025706,-0.28532348251254913,0.0
234,-84.43529411764706,25.41875,-0.019037243631867325,-0.2399636976923226,0.0
235,-84.2235294117647,25.41875,-0.05406300742723569,-0.19531024709003506,0.0
236,-84.01176470588236,25.41875,-0.06586370524490262,-0.09385361071074626,0.0
237,-83.8,25.41875,-0.05465949441194216,-0.041426779622891145,0.0
238,-90.78823529411764,25.65,-0.26142487775205,-0.10529481287973604,0.0
239,-90.5764705882353,25.65,-0.21708167998001313,-0.06757442540491168,0.0
240,-90.36470588235294,25.65,-0.17058540011171647,-0.12178758192983,0.0
241,-90.15294117647059,25.65,-0.21769884006399107,-0.24475914524553763,0.0
242,-89.94117647058823,25.65,-0.22130065674355534,-0.2854686523057657,0.0
243,-89.72941176470589,25.65,-0.14304705304759616,-0.27890281913981146,0.0
244,-89.51764705882353,25.65,-0.1547453758909448,-0.5586459861724784,0.0
245,-89.30588235294118,25.65,-0.06665339445462291,-0.1865001115131892,0.0
246,-89.09411764705882,25.65,-0.058375746920151635,0.09994900412157333,0.0
247,-88.88235294117646,25.65,-0.02350712166105576,0.15820694507079847,0.0
248,-88.67058823529412,25.65,-0.04402671674220372,0.18998486683229843,0.0
249,-88.45882352941176,25.65,-0.021099937181544338,0.32452405757631303,0.0
250,-88.24705882352941,25.65,0.0031629084058762847,0.2522666463441307,0.0
251,-88.03529411764706,25.65,0.07691937391821606,0.2868536484854168,0.0
252,-87.82352941176471,25.65,0.059418464036391026,0.14206239637905613,0.0
253,-87.61176470588235,25.65,0.1535572242868171,0.33757584126513246,0.0
254,-87.4,25.65,0.21083845138083948,0.37421888730264447,0.0
255,-87.18823529411765,25.65,0.11904015087537596,-0.054855770279679424,0.0
256,-86.97647058823529,25.65,0.12404552224212029,-0.08841389471937215,0.0
257,-86.76470588235294,25.65,0.16010774821405893,-0.08278573396654296,0.0
258,-86.55294117647058,25.65,0.21640942346399714,-0.06793490931524754,0.0
259,-86.34117647058824,25.65,0.20063528325782054,-0.12053246468848565,0.0
260,-86.12941176470588,25.65,0.25067237551957344,-0.1635755342298771,0.0
261,-85.91764705882353,25.65,0.27498311851892393,-0.11557424140510873,0.0
262,-85.70588235294117,25.65,0.3536066171111427,-0.19121961057331355,0.0
263,-85.49411764705883,25.65,0.14788415896466714,-0.34535276453606606,0.0
264,-85.28235294117647,25.65,0.14282826712644767,-0.25464891433729686,0.0
265,-85.07058823529411,25.65,0.1498783321159577,-0.38635710260150025,0.0
266,-84.85882352941177,25.65,0.07947956174041709,-0.3218503003926554,0.0
267,-84.6470588235294,25.65,-0.039876228737239346,-0.3227392914500821,0.0
268,-84.43529411764706,25.65,-0.02060120306930529,-0.2589101382702275,0.0
269,-84.2235294117647,25.65,-0.030342451584387628,-0.1419431452353877,0.0
270,-84.01176470588236,25.65,-0.02640327892674158,-0.11665943738945417,0.0
271,-83.8,25.65,-0.028221575624380955,-0.06231020362514029,0.0
272,-90.78823529411764,25.88125,-0.1248517208850556,-0.12863646609856308,0.0
273,-90.5764705882353,25.88125,-0.168870092976492,-0.08999443048715174,0.0
274,-90.36470588235294,25.88125,-0.17231575002978863,-0.16571588287582303,0.0
275,-90.15294117647059,25.88125,-0.15277656635798767,-0.20073955382770223,0.0
276,-89.94117647058823,25.88125,-0.17643863804113305,-0.24819344013562442,0.0
277,-89.72941176470589,25.88125,-0.13310481413810196,-0.33179838967540803,0.0
278,-89.51764705882353,25.88125,-0.15024578613578196,-0.5465418342239107,0.0
279,-89.30588235294118,25.88125,-0.037534689487252616,-0.22012097873980568,0.0
280,-89.09411764705882,25.88125,-0.002611094713411296,0.05783628597868083,0.0
281,-88.88235294117646,25.88125,0.022912349964751375,0.16840433494884258,0.0
282,-88.67058823529412,25.88125,0.0789296935553719,0.09678654002344743,0.0
283,-88.45882352941176,25.88125,0.14697872154798913,0.1526860761662071,0.0
284,-88.24705882352941,25.88125,0.1416125049858025,0.23336217353830954,0.0
285,-88.03529411764706,25.88125,0.16915560953830677,0.2088140650268598,0.0
286,-87.82352941176471,25.88125,0.09168965723953203,0.1190513017042438,0.0
287,-87.61176470588235,25.88125,0.14663822770253163,0.1559584913008201,0.0
288,-87.4,25.88125,0.21760332129009258,0.49492717356402083,0.0
289,-87.18823529411765,25.88125,0.2387844301838058,-0.12333387924494027,0.0
290,-86.97647058823529,25.88125,0.19478491090509745,-0.22473936927393778,0.0
291,-86.76470588235294,25.88125,0.25198044846692363,-0.14247443243011956,0.0
292,-86.55294117647058,25.88125,0.3915867363792774,-0.14689489173658438,0.0
293,-86.34117647058824,25.88125,0.4078734163455104,-0.16746880929468197,0.0
294,-86.12941176470588,25.88125,0.4684746174611453,-0.03790512924159047,0.0
295,-85.91764705882353,25.88125,0.4496743711778575,-0.06903519028591874,0.0
296,-85.70588235294117,25.88125,0.36021299536323986,-0.0420252902503838,0.0
297,-85.49411764705883,25.88125,0.2682709709522433,-0.06019598848930019,0.0
298,-85.28235294117647,25.88125,0.13894377008290743,-0.21592825082277603,0.0
299,-85.07058823529411,25.88125,0.08432065289497324,-0.2967366690188978,0.0
300,-84.85882352941177,25.88125,0.11676423828766323,-0.28046021887587125,0.0
301,-84.6470588235294,25.88125,0.013730034945336879,-0.21845953593997114,0.0
302,-84.43529411764706,25.88125,-0.050889981468316484,-0.10558786831594957,0.0
303,-84.2235294117647,25.88125,-0.019300265715504382,-0.21188699432052863,0.0
304,-84.01176470588236,25.88125,0.019427972773354896,-0.10170430372950284,0.0
305,-83.8,25.88125,0.03168457729867181,-0.05096953677714207,0.0
306,-90.78823529411764,26.1125,0.03974926552027607,-0.1058717085701459,0.0
307,-90.5764705882353,26.1125,0.010327879471775877,-0.02554493050281023,0.0
308,-90.36470588235294,26.1125,-0.05068853550326873,-0.12723410927486078,0.0
309,-90.15294117647059,26.1125,-0.09240109590684205,-0.11169966073948893,0.0
310,-89.94117647058823,26.1125,-0.1274507691785936,-0.2342603643989767,0.0
311,-89.72941176470589,26.1125,-0.09326661456561067,-0.32396850118913323,0.0
312,-89.51764705882353,26.1125,-0.026599236258979246,-0.5097626156063918,0.0
313,-89.30588235294118,26.1125,-0.005263158509686938,-0.3289531972351865,0.0
314,-89.09411764705882,26.1125,0.052395797622087376,0.013019942000655578,0.0
315,-88.88235294117646,26.1125,0.13051756763582353,0.013353112124012089,0.0
316,-88.67058823529412,26.1125,0.1410258432988063,0.14378334319974828,0.0
317,-88.45882352941176,26.1125,0.12903851210450223,0.13930527576729326,0.0
318,-88.24705882352941,26.1125,0.21064856661313083,0.3435306056573911,0.0
319,-88.03529411764706,26.1125,0.31663452982035406,0.2556051102822989,0.0
320,-87.82352941176471,26.1125,0.24541509210953683,0.1439635189130203,0.0
321,-87.61176470588235,26.1125,0.24926543262332498,0.13744872388439594,0.0
322,-87.4,26.1125,0.33213422498215794,0.23410558959735966,0.0
323,-87.18823529411765,26.1125,0.25273096766359043,-0.15085671803597744,0.0
324,-86.97647058823529,26.1125,0.2732833467432799,-0.21380526012934142,0.0
325,-86.76470588235294,26.1125,0.36164422322148415,-0.24345781918789813,0.0
326,-86.55294117647058,26.1125,0.3273270276046497,-0.1921589091011226,0.0
327,-86.34117647058824,26.1125,0.2540029076164502,-0.08214789973887518,0.0
328,-86.12941176470588,26.1125,0.25308947513329066,-0.009968208045421362,0.0
329,-85.91764705882353,26.1125,0.375831015707851,-0.0661478914213544,0.0
330,-85.70588235294117,26.1125,0.35009800845035394,0.02162802398843397,0.0
331,-85.49411764705883,26.1125,0.33070550202064597,-0.06842824020275978,0.0
332,-85.28235294117647,26.1125,0.1875564766756148,0.03558813565560784,0.0
333,-85.07058823529411,26.1125,0.13715475047652054,-0.18025434484287167,0.0
334,-84.85882352941177,26.1125,0.07580624899499099,-0.12792187129211466,0.0
335,-84.6470588235294,26.1125,0.046370205157565354,-0.11895864778176628,0.0
336,-84.43529411764706,26.1125,0.04328810859684042,-0.25459450365230907,0.0
337,-84.2235294117647,26.1125,0.09574632037950373,-0.3015887104468074,0.0
338,-84.01176470588236,26.1125,0.016568306056579375,-0.10778111926846837,0.0
339,-83.8,26.1125,0.008828995998995896,-0.0911472370103354,0.0
340,-90.78823529411764,26.34375,0.06350291813834648,-0.11612322349819076,0.0
341,-90.5764705882353,26.34375,0.06418284487732946,-0.02493215456831956,0.0
342,-90.36470588235294,26.34375,-0.016636173595554308,-0.057556913445720524,0.0
343,-90.15294117647059,26.34375,-0.040705092858418765,-0.11320394068154967,0.0
344,-89.94117647058823,26.34375,-0.016425020450074535,-0.17856509691783298,0.0
345,-89.72941176470589,26.34375,-0.04611647535341121,-0.328245069416941,0.0
346,-89.51764705882353,26.34375,0.013730149889211039,-0.43509174207810175,0.0
347,-89.30588235294118,26.34375,0.01778892304811828,-0.22538864251385463,0.0
348,-89.09411764705882,26.34375,0.1161233206475505,-0.010683381313912806,0.0
349,-88.88235294117646,26.34375,0.1664192867010488,-0.049395028241979784,0.0
350,-88.67058823529412,26.34375,0.14034711949517464,0.1547492783360283,0.0
351,-88.45882352941176,26.34375,0.19611744411092563,0.09869053646490436,0.0
352,-88.24705882352941,26.34375,0.23286525378117917,0.17252243702729073,0.0
353,-88.03529411764706,26.34375,0.3826172580148189,0.2070506932861645,0.0
354,-87.82352941176471,26.34375,0.38790405483017565,-0.08941364286944874,0.0
355,-87.61176470588235,26.34375,0.5875624261244473,0.08274504718083615,0.0
356,-87.4,26.34375,0.4874390970845417,0.09192189011532469,0.0
357,-87.18823529411765,26.34375,0.3953203112463145,-0.07489580956873762,0.0
358,-86.97647058823529,26.34375,0.382626703118835,-0.20769530528115127,0.0
359,-86.76470588235294,26.34375,0.31640903529768943,-0.1146605936680074,0.0
360,-86.55294117647058,26.34375,0.28691156554177877,-0.10011591203517027,0.0
361,-86.34117647058824,26.34375,0.2904327683715799,0.0042637818396387755,0.0
362,-86.12941176470588,26.34375,0.3793958578480709,0.02473444468692234,0.0
363,-85.91764705882353,26.34375,0.4144842164735192,-0.07775721662977021,0.0
364,-85.70588235294117,26.34375,0.39640093639468693,-0.05266667098452955,0.0
365,-85.49411764705883,26.34375,0.23116876305755307,0.058377971715413944,0.0
366,-85.28235294117647,26.34375,0.08387842649169183,0.07141944450645117,0.0
367,-85.07058823529411,26.34375,0.09890697817025544,-0.06855577016898577,0.0
368,-84.85882352941177,26.34375,0.09147853949628562,-0.11102563854160015,0.0
369,-84.6470588235294,26.34375,0.1370484775340791,-0.1836823769393119,0.0
370,-84.43529411764706,26.34375,0.1328504135429302,-0.22212332327957718,0.0
371,-84.2235294117647,26.34375,0.06581992049248778,-0.16019665986930562,0.0
372,-84.01176470588236,26.34375,0.029869590057352537,-0.09410061349280746,0.0
373,-83.8,26.34375,0.010203848796047335,-0.06376513663418885,0.0
374,-90.78823529411764,26.575,0.11410082465932332,-0.14086867055483543,0.0
375,-90.5764705882353,26.575,0.0018934967249023345,0.0010495866312637207,0.0
376,-90.36470588235294,26.575,0.01021414104588473,0.025098048298910092,0.0
377,-90.15294117647059,26.575,-0.04535644262687214,-0.05022991237918201,0.0
378,-89.94117647058823,26.575,-0.0839594650801954,-0.15606196163952568,0.0
379,-89.72941176470589,26.575,-0.07532304292170028,-0.20172141570252403,0.0
380,-89.51764705882353,26.575,-0.14028214660048313,-0.45308767080384393,0.0
381,-89.30588235294118,26.575,-0.07953888480613079,-0.4049747429952525,0.0
382,-89.09411764705882,26.575,-0.0077346089150381525,-0.13329968614398707,0.0
383,-88.88235294117646,26.575,0.09950879820718206,-0.0011447280972724718,0.0
384,-88.67058823529412,26.575,0.17399769947673643,0.1300310454261619,0.0
385,-88.45882352941176,26.575,0.14159452898549232,0.14409664127347674,0.0
386,-88.24705882352941,26.575,0.14136238221543404,0.1451862388573376,0.0
387,-88.03529411764706,26.575,0.23624143022329938,-0.2309734503312573,0.0
388,-87.82352941176471,26.575,0.40739255892443715,-0.2563876301342735,0.0
389,-87.61176470588235,26.575,0.44445714567985994,-0.0437948482258399,0.0
390,-87.4,26.575,0.42186063326329093,0.022664384547042917,0.0
391,-87.18823529411765,26.575,0.25251495761468756,-0.07693247538725108,0.0
392,-86.97647058823529,26.575,0.26970585935801844,0.008269502537457287,0.0
393,-86.76470588235294,26.575,0.2639468137973739,-0.020907238748556673,0.0
394,-86.55294117647058,26.575,0.21766593194655534,-0.014619679498432481,0.0
395,-86.34117647058824,26.575,0.2312098011307072,-0.038629443859614136,0.0
396,-86.12941176470588,26.575,0.2776627113989516,-0.059881691008126674,0.0
397,-85.91764705882353,26.575,0.3919773474128615,-0.07368774115834019,0.0
398,-85.70588235294117,26.575,0.19364214876864233,0.09105973048409753,0.0
399,-85.49411764705883,26.575,0.1359102525638716,0.1508979760152714,0.0
400,-85.28235294117647,26.575,0.08144695308573073,0.10379071269450599,0.0
401,-85.07058823529411,26.575,0.1650065128484061,-0.12110933898913931,0.0
402,-84.85882352941177,26.575,0.16379157272603798,-0.07185520483362201,0.0
403,-84.6470588235294,26.575,0.21614471682445172,-0.1140855793031066,0.0
404,-84.43529411764706,26.575,0.08376876375167948,-0.15632281763212233,0.0
405,-84.2235294117647,26.575,0.06713778459005441,-0.12522994816514155,0.0
406,-84.01176470588236,26.575,0.062056719576926926,-0.05864353020789957,0.0
407,-83.8,26.575,0.04804439674903197,-0.03628971594571003,0.0
408,-90.78823529411764,26.80625,-0.009206026141567389,-0.050935001326432056,0.0
409,-90.5764705882353,26.80625,0.02605544705892875,-0.010874153262536814,0.0
410,-90.36470588235294,26.80625,-0.0011086079997586424,0.03628154554261076,0.0
411,-90.15294117647059,26.80625,-0.001050662461556413,0.004391519991419432,0.0
412,-89.94117647058823,26.80625,-0.03761947292089614,-0.07034474108475862,0.0
413,-89.72941176470589,26.80625,-0.08709705465966362,-0.1297466683624478,0.0
414,-89.51764705882353,26.80625,-0.08228909113005933,-0.2699965534127641,0.0
415,-89.30588235294118,26.80625,-0.08536369578089006,-0.5001885844186296,0.0
416,-89.09411764705882,26.80625,-0.018274711279170335,-0.13057703567157988,0.0
417,-88.88235294117646,26.80625,-0.021421121624897753,-0.08991370004698165,0.0
418,-88.67058823529412,26.80625,0.0042975947052763955,0.020707883832407625,0.0
419,-88.45882352941176,26.80625,0.07196173614929018,0.10102664977400357,0.0
420,-88.24705882352941,26.80625,0.18971596174733835,0.015628441081043946,0.0
421,-88.03529411764706,26.80625,0.3134072030662378,-0.42996677378347187,0.0
422,-87.82352941176471,26.80625,0.20808154028611123,-0.31952313033410457,0.0
423,-87.61176470588235,26.80625,0.2527746878372068,-0.03749214252861052,0.0
424,-87.4,26.80625,0.14749658521654793,0.05816301710152793,0.0
425,-87.18823529411765,26.80625,0.1701219488127866,0.01569083993338987,0.0
426,-86.97647058823529,26.80625,0.27286811358740826,0.00312981897692406,0.0
427,-86.76470588235294,26.80625,0.2785166496299495,-0.030394729807185064,0.0
428,-86.55294117647058,26.80625,0.2711191225455619,-0.09143373623631743,0.0
429,-86.34117647058824,26.80625,0.26347914712454473,0.0013088470135962855,0.0
430,-86.12941176470588,26.80625,0.18963551465242887,0.0016294872612310838,0.0
431,-85.91764705882353,26.80625,0.13826381252039258,0.09690793441446087,0.0
432,-85.70588235294117,26.80625,0.050204286712827575,0.1519826545333078,0.0
433,-85.49411764705883,26.80625,0.0018337140992746607,0.13196393322084232,0.0
434,-85.28235294117647,26.80625,0.017255818567668234,0.05381247774737996,0.0
435,-85.07058823529411,26.80625,0.03749655669174958,-0.044073832451753614,0.0
436,-84.85882352941177,26.80625,-0.007741361340065908,-0.027330843384927538,0.0
437,-84.6470588235294,26.80625,0.05229073772051256,-0.08500100813911751,0.0
438,-84.43529411764706,26.80625,0.07067985441082605,-0.13038258325205193,0.0
439,-84.2235294117647,26.80625,0.04433547052153284,-0.11520234572344416,0.0
440,-84.01176470588236,26.80625,0.02361788639605141,-0.08458380427010913,0.0
441,-83.8,26.80625,0.014888157294917544,-0.004931356326271242,0.0
442,-90.78823529411764,27.0375,0.11973559599791013,-0.02790812850923155,0.0
443,-90.5764705882353,27.0375,0.01901235705363235,-0.010418724131662305,0.0
444,-90.36470588235294,27.0375,0.005771756198429705,0.04238181419319134,0.0
445,-90.15294117647059,27.0375,0.07250865572677012,-0.02080124630173945,0.0
446,-89.94117647058823,27.0375,0.003529583036430828,-0.024540723700586926,0.0
447,-89.72941176470589,27.0375,-0.014284737858623536,-0.06477979668497927,0.0
448,-89.51764705882353,27.0375,-0.08572617391602906,-0.16272818233293437,0.0
449,-89.30588235294118,27.0375,-0.1638264839866471,-0.344525195273008,0.0
450,-89.09411764705882,27.0375,-0.13130637574626886,-0.1969371225591799,0.0
451,-88.88235294117646,27.0375,-0.05411278707918873,-0.08252006407657343,0.0
452,-88.67058823529412,27.0375,-0.00673803638199878,-0.048383265737626975,0.0
453,-88.45882352941176,27.0375,0.03488406393795441,0.005350064906155813,0.0
454,-88.24705882352941,27.0375,0.12256706767977579,-0.2325950496040562,0.0
455,-88.03529411764706,27.0375,0.17534314394757072,-0.34967250177497733,0.0
456,-87.82352941176471,27.0375,0.03152680937114835,-0.1914888058469799,0.0
457,-87.61176470588235,27.0375,0.04291331671779368,-0.06532772062146963,0.0
458,-87.4,27.0375,0.039532321629718425,0.03352163971074577,0.0
459,-87.18823529411765,27.0375,0.061265657434132585,0.036573635862005675,0.0
460,-86.97647058823529,27.0375,0.11005837036094851,-0.016109530226083624,0.0
461,-86.76470588235294,27.0375,0.17088934371991232,-0.04533520602954453,0.0
462,-86.55294117647058,27.0375,0.14851183513412408,-0.06251558888205298,0.0
463,-86.34117647058824,27.0375,0.04598197848226192,-0.029182799815778496,0.0
464,-86.12941176470588,27.0375,-0.00636356908706491,0.07264568291349488,0.0
465,-85.91764705882353,27.0375,-0.004755505299347994,0.12654038526908645,0.0
466,-85.70588235294117,27.0375,-0.030352054846333323,0.16263554126626892,0.0
467,-85.49411764705883,27.0375,-0.03344214912134933,0.06803347479874271,0.0
468,-85.28235294117647,27.0375,0.013397288624840124,0.014713790452349744,0.0
469,-85.07058823529411,27.0375,-0.011773853173880048,-0.04395417796120376,0.0
470,-84.85882352941177,27.0375,0.008114761301828501,-0.08327520225479736,0.0
471,-84.6470588235294,27.0375,0.022121129726960734,-0.10611072128908576,0.0
472,-84.43529411764706,27.0375,0.06422769100186096,-0.16298228423061759,0.0
473,-84.2235294117647,27.0375,0.04048237947849919,-0.07747638780296179,0.0
474,-84.01176470588236,27.0375,0.011693432483364997,-0.050369362897678724,0.0
475,-83.8,27.0375,-0.03012465790790188,-0.012615871234140208,0.0
476,-90.78823529411764,27.26875,0.030676164571473298,0.030950886554303256,0.0
477,-90.5764705882353,27.26875,0.03476086445914697,0.023963733538569874,0.0
478,-90.36470588235294,27.26875,0.08076234814758736,-0.048696228159456074,0.0
479,-90.15294117647059,27.26875,0.09540118945507345,-0.028853932977874364,0.0
480,-89.94117647058823,27.26875,0.10331146507780457,-0.006305736062576626,0.0
481,-89.72941176470589,27.26875,0.023110391537484242,-0.04534884286039551,0.0
482,-89.51764705882353,27.26875,-0.03379761386011308,-0.1171789484245075,0.0
483,-89.30588235294118,27.26875,-0.15923180723420033,-0.22898880608734326,0.0
484,-89.09411764705882,27.26875,-0.1736922556706499,-0.3038974601764131,0.0
485,-88.88235294117646,27.26875,-0.0835001895578644,-0.1040226058754078,0.0
486,-88.67058823529412,27.26875,-0.022797292535306976,-0.10002924526542878,0.0
487,-88.45882352941176,27.26875,0.15776967158002947,-0.12960987699044002,0.0
488,-88.24705882352941,27.26875,0.30453740094659626,-0.2639002842628348,0.0
489,-88.03529411764706,27.26875,0.14964545074630461,-0.17395918244429878,0.0
490,-87.82352941176471,27.26875,0.04918186495052137,-0.10037227897010245,0.0
491,-87.61176470588235,27.26875,-0.002912440039844088,-0.059133448873889126,0.0
492,-87.4,27.26875,-0.027489383868525417,0.015601953968159197,0.0
493,-87.18823529411765,27.26875,0.010687837584456105,0.02534438052139016,0.0
494,-86.97647058823529,27.26875,0.0342564831357648,-0.020263793872738255,0.0
495,-86.76470588235294,27.26875,0.03750127661165672,-0.06400272408000937,0.0
496,-86.55294117647058,27.26875,0.019713713260227434,0.003952043347507159,0.0
497,-86.34117647058824,27.26875,-0.03710520560506202,0.05718876831486325,0.0
498,-86.12941176470588,27.26875,-0.08512728478913369,0.09526185616300263,0.0
499,-85.91764705882353,27.26875,-0.09403581713724328,0.1126043940691765,0.0
500,-85.70588235294117,27.26875,-0.07303863951660795,0.10805483335967749,0.0
501,-85.49411764705883,27.26875,-0.043985153226623754,0.05625821345170508,0.0
502,-85.28235294117647,27.26875,-0.10916681771157379,-0.005222569497178871,0.0
503,-85.07058823529411,27.26875,-0.03217227552022542,-0.06763946125807432,0.0
504,-84.85882352941177,27.26875,0.026675477537010262,-0.12301023751763318,0.0
505,-84.6470588235294,27.26875,0.05018838295295993,-0.14846134253397758,0.0
506,-84.43529411764706,27.26875,0.0518809228174052,-0.11180802660076103,0.0
507,-84.2235294117647,27.26875,0.028863826031638323,-0.05733251699652941,0.0
508,-84.01176470588236,27.26875,-0.0014279428128550309,0.000908296507359109,0.0
509,-83.8,27.26875,-0.00813613205002335,-0.020744734391460396,0.0
510,-90.78823529411764,27.5,0.03458697485842692,-0.005177079925959655,0.0
511,-90.5764705882353,27.5,0.04521534126448306,-0.05736641266646399,0.0
512,-90.36470588235294,27.5,0.07120304876811419,-0.05184804001923464,0.0
513,-90.15294117647059,27.5,0.018589814060772283,-0.05176627290051765,0.0
514,-89.94117647058823,27.5,0.031617283492150976,-0.030409465736392985,0.0
515,-89.72941176470589,27.5,0.012284384627327918,0.008082718003346746,0.0
516,-89.51764705882353,27.5,0.007553237366034528,-0.01188652259247774,0.0
517,-89.30588235294118,27.5,-0.02311899276170406,-0.10928505356130946,0.0
518,-89.09411764705882,27.5,-0.08356628239810907,-0.2148429178263169,0.0
519,-88.88235294117646,27.5,-0.10661263570870269,-0.18692059339648714,0.0
520,-88.67058823529412,27.5,0.0727006647011965,-0.10524858272564767,0.0
521,-88.45882352941176,27.5,0.09809066407623054,-0.12297841376108341,0.0
522,-88.24705882352941,27.5,0.04108749690529319,-0.11927343014382892,0.0
523,-88.03529411764706,27.5,0.02058279632704692,-0.12157158894559332,0.0
524,-87.82352941176471,27.5,-0.0092439388024848,-0.1411932905431315,0.0
525,-87.61176470588235,27.5,-0.03882705866831028,-0.021121757678463186,0.0
526,-87.4,27.5,-0.026887324842707533,-0.008190579261645584,0.0
527,-87.18823529411765,27.5,-0.0483917465475403,-0.0035177292564907547,0.0
528,-86.97647058823529,27.5,-0.037227436811574435,-0.04947337506330263,0.0
529,-86.76470588235294,27.5,-0.07773176959698375,0.028071830093007642,0.0
530,-86.55294117647058,27.5,-0.14957727967350043,0.0807870879289341,0.0
531,-86.34117647058824,27.5,-0.15798532303404234,0.1205794721380584,0.0
532,-86.12941176470588,27.5,-0.13937390353321813,0.10813917029785165,0.0
533,-85.91764705882353,27.5,-0.09661093548549937,0.09457627083164434,0.0
534,-85.70588235294117,27.5,-0.08433746247661392,0.07356414880491952,0.0
535,-85.49411764705883,27.5,-0.08091334515769702,0.08207414034080736,0.0
536,-85.28235294117647,27.5,-0.026117701427069935,-0.05344064123114723,0.0
537,-85.07058823529411,27.5,-0.008853651527005742,-0.13069021109128987,0.0
538,-84.85882352941177,27.5,0.007536362276989859,-0.0987740067285415,0.0
539,-84.6470588235294,27.5,0.017220943661925864,-0.14354223401712204,0.0
540,-84.43529411764706,27.5,0.03615650545478606,-0.14083944638165613,0.0
541,-84.2235294117647,27.5,0.0108951302575759,0.0006062446775792988,0.0
542,-84.01176470588236,27.5,0.0064566760324502575,-0.011532106170429908,0.0
543,-83.8,27.5,0.01018042146157751,-0.0051569758097973996,0.0
